Index,Chemin_d_acces,Description
0.0,images/image1.jpg,"Je suis Jean Dupont, j'ai 30 ans. Je suis une personne dynamique et sociable, toujours prête à relever de nouveaux défis."
1.0,images/image2.jpg,"Je suis Ali Mohamed, j'ai 45 ans. J'aime aider les autres et je suis un leader naturel dans mon environnement de travail."
2.0,images/image3.jpg,"Je suis Li Wang, j'ai 25 ans. Très calme et réfléchi, j'aime m'adonner à la lecture et aux voyages pour enrichir ma vision du monde."
3.0,images/image4.jpg,"Je suis Maria Garcia, j'ai 32 ans. Je suis très créative et j'aime travailler sur des projets artistiques."
4.0,images/image5.jpg,"Je suis Sarah Levy, j'ai 40 ans. J'apprécie la tranquillité et je suis passionnée par la nature et l'environnement."
5.0,images/image6.jpg,"Je suis Ahmed Ben Ali, j'ai 36 ans. Toujours curieux et optimiste, je cherche à apporter des solutions aux défis de la vie."
6.0,images/image7.jpg,"Je suis Zoe Miller, j'ai 28 ans. Sociable et extravertie, j'adore organiser des événements et rencontrer de nouvelles personnes."
7.0,images/image8.jpg,"Je suis Juan Carlos, j'ai 50 ans. Ma personnalité est plutôt calme, et j'apprécie les discussions profondes avec des amis proches."
8.0,images/image9.jpg,"Je suis Amina Diallo, j'ai 22 ans. J'aime explorer de nouvelles idées et m'exprimer à travers l'art et la musique."
9.0,images/image10.jpg,"Je suis Natasha Petrova, j'ai 34 ans. Je suis pragmatique et orientée vers les objectifs, tout en étant attentionnée envers les autres."
10.0,images/image11.jpg,"Je suis Karim El Saidi, j'ai 29 ans. Passionné de sport, je suis quelqu'un de très énergique et motivé pour atteindre mes objectifs."
11.0,images/image12.jpg,"Je suis Clara Dupuis, j'ai 26 ans. Introvertie mais très observatrice, j'apprécie les moments de solitude et de réflexion."
12.0,images/image13.jpg,"Je suis Pedro Garcia, j'ai 33 ans. J'ai un grand sens de l'humour et j'aime apporter de la légèreté dans les situations complexes."
13.0,images/image14.jpg,"Je suis Mei Lin, j'ai 38 ans. Mon esprit analytique me permet de résoudre des problèmes rapidement et efficacement."
14.0,images/image15.jpg,"Je suis Omar Hassan, j'ai 42 ans. Très empathique, j'aime écouter les autres et aider dans les moments difficiles."
15.0,images/image16.jpg,"Je suis Elena Petrova, j'ai 24 ans. Curieuse et enthousiaste, je suis toujours en quête de nouvelles expériences et connaissances."
16.0,images/image17.jpg,"Je suis Fatoumata Keita, j'ai 31 ans. Je suis une personne optimiste qui aime relever des défis et apprendre de nouvelles compétences."
17.0,images/image18.jpg,"Je suis David Cohen, j'ai 29 ans. Réfléchi et calme, je prends le temps d'analyser chaque situation avant d'agir."
18.0,images/image19.jpg,"Je suis Ahmed Fathi, j'ai 44 ans. Très ambitieux, j'aime me fixer des objectifs à long terme et travailler dur pour les atteindre."
19.0,images/image20.jpg,"Je suis Laura Lopez, j'ai 27 ans. Toujours joyeuse, j'aime apporter de la positivité à ceux qui m'entourent."
20.0,images/image21.jpg,"Je suis Samuel N’diaye, j'ai 35 ans. Je suis un leader naturel, doté d'une forte volonté d'aider et de guider les autres."
21.0,images/image22.jpg,"Je suis Olivia Brown, j'ai 39 ans. Passionnée de voyage, je suis une personne curieuse qui cherche constamment à découvrir de nouvelles cultures."
22.0,images/image23.jpg,"Je suis Mohamed Al Farsi, j'ai 33 ans. Discret mais intelligent, je préfère observer avant de prendre la parole dans un groupe."
23.0,images/image24.jpg,"Je suis Jessica White, j'ai 32 ans. Je suis passionnée par la mode et le design, et j'aime m'exprimer à travers ma créativité."
24.0,images/image25.jpg,"Je suis Naima Zahra, j'ai 28 ans. Très sociable, j'adore organiser des événements pour rassembler les gens autour de causes communes."
25.0,images/image26.jpg,"Je suis Zaid Ibrahim, j'ai 40 ans. J'ai un caractère réfléchi, ce qui me permet de prendre des décisions judicieuses dans des moments critiques."
26.0,images/image27.jpg,"Je suis Lucy Scott, j'ai 31 ans. J'aime la simplicité et je trouve du bonheur dans les petites choses de la vie."
27.0,images/image28.jpg,"Je suis Peter O'Neil, j'ai 55 ans. Avec l'expérience, je suis devenu plus calme et sage, toujours prêt à partager des conseils avisés."
28.0,images/image29.jpg,"Je suis Aliyah Abdallah, j'ai 27 ans. J'aime discuter de questions sociales et je m'engage activement dans des causes qui me tiennent à cœur."
29.0,images/image30.jpg,"Je suis Sofia Rios, j'ai 36 ans. Je suis une personne positive et généreuse, toujours prête à soutenir mes amis et ma famille."
30.0,images/image31.jpg,eghi
